alive,alive_since,anonymity,average_timeout,first_seen,ip_data_as,ip_data_asname,ip_data_city,ip_data_continent,ip_data_continentCode,ip_data_country,ip_data_countryCode,ip_data_district,ip_data_hosting,ip_data_isp,ip_data_lat,ip_data_lon,ip_data_mobile,ip_data_org,ip_data_proxy,ip_data_regionName,ip_data_status,ip_data_timezone,ip_data_zip,ip_data_last_update,last_seen,port,protocol,proxy,ssl,timeout,times_alive,times_dead,uptime,ip
true,1706029621.6104,elite,3345.3049980729,1638317146.8923,"AS17995 PT iForte Global Internet",SOLUSINET-AS-ID,"Jakarta Pusat",Asia,AS,Indonesia,ID,,false,"PT iForte Global Internet",-6.1967,106.822,false,Solusinet,true,Jakarta,success,Asia/Jakarta,,1705622911,1706029621.6104,5430,socks4,103.164.190.221:5430,true,1900.9187221527,64221,367880,14.86249742537,103.164.190.221
true,1706029620.8213,elite,7194.8925414048,1705311149.6603,"AS58392 PT. Sewiwi Indonesia",SWIN-AS-ID,Pontianak,Asia,AS,Indonesia,ID,,false,"PT. Sewiwi Indonesia",-0.031,109.3257,false,SWW,true,"West Kalimantan",success,Asia/Pontianak,,1705917608,1706029620.8213,63080,socks4,103.11.134.46:63080,true,4426.778793335,1417,7226,16.394770334375,103.11.134.46
true,1706029613.1524,elite,6576.159590496,1705307645.8213,"AS58392 PT. Sewiwi Indonesia",SWIN-AS-ID,Pontianak,Asia,AS,Indonesia,ID,,false,"PT. Sewiwi Indonesia",-0.031,109.3257,false,SWW,true,"West Kalimantan",success,Asia/Pontianak,,1705912506,1706029613.1524,63080,socks5,103.11.134.46:63080,true,6129.3346881866,1344,7698,14.86396814864,103.11.134.46
true,1706029608.927,transparent,5893.7518667914,1700228826.6828,"AS136093 PT Mitra Lintas Multimedia",FAZNET-AS-ID,Surabaya,Asia,AS,Indonesia,ID,,false,FAZNET,-7.28348,112.71,false,,true,"East Java",success,Asia/Jakarta,,1705622873,1706029608.927,8080,http,103.111.137.241:8080,false,4320.2123641968,5219,44590,10.478026059547,103.111.137.241
true,1706029608.858,transparent,4301.9598958182,1705874775.6662,"AS17451 BIZNET NETWORKS",BIZNET-AS-AP,Jimbaran,Asia,AS,Indonesia,ID,,false,"Biznet Networks",-8.79093,115.16,false,,false,Bali,success,Asia/Makassar,,1705883054,1706029608.858,8080,http,118.99.96.170:8080,false,3142.1325206757,177,1155,13.288288288288,118.99.96.170
true,1706029608.6144,elite,3592.3490745438,1638230680.4247,"AS136854 PT. PALAPA RING BARAT",PRB-AS-ID,"Jakarta Pusat",Asia,AS,Indonesia,ID,,false,"PT. PALAPA RING BARAT",-6.20321,106.845,false,,true,Jakarta,success,Asia/Jakarta,,1705622812,1706029608.6144,4145,socks4,103.102.142.98:4145,true,1022.4287509918,54660,328694,14.258361723107,103.102.142.98
true,1706029608.381,transparent,6289.7233199511,1683735216.7515,"AS7713 PT Telekomunikasi Indonesia",telkomnet-as-ap,Jakarta,Asia,AS,Indonesia,ID,,false,"PT. Telekomunikasi Indonesia",-6.2114,106.8446,false,,true,Jakarta,success,Asia/Jakarta,,1705622912,1706029608.381,8080,http,36.67.7.74:8080,false,2399.108171463,20691,165568,11.108724947519,36.67.7.74
true,1706029601.5694,transparent,5692.1721260701,1693932629.876,"AS17995 PT iForte Global Internet",SOLUSINET-AS-ID,Jakarta,Asia,AS,Indonesia,ID,,false,"PT iForte Global Internet",-6.2114,106.8446,false,Solusinet,true,Jakarta,success,Asia/Jakarta,,1705622961,1706029601.5694,80,http,103.165.125.182:80,false,7869.8377609253,8258,96454,7.8863931545573,103.165.125.182
true,1706029472.5526,elite,3588.038481548,1705661643.0008,"AS38482 Biznet ISP",BIZNET2-AS-ID,"Jakarta Pusat",Asia,AS,Indonesia,ID,,false,"Biznet Networks",-6.20927,106.82,false,"Agel Langgeng",false,Jakarta,success,Asia/Jakarta,,1705662697,1706029596.8486,55435,socks4,117.102.85.163:55435,true,8089.6594524384,998,3405,22.666363842834,117.102.85.163
true,1706029595.9806,elite,6642.75923079,1705311900.8672,"AS58392 PT. Sewiwi Indonesia",SWIN-AS-ID,Pontianak,Asia,AS,Indonesia,ID,,false,"PT. Sewiwi Indonesia",-0.031,109.3257,false,SWW,true,"West Kalimantan",success,Asia/Pontianak,,1705916738,1706029595.9806,4229,socks4,103.11.134.46:4229,true,10288.825750351,1774,6795,20.702532384176,103.11.134.46
true,1706029595.5189,elite,4765.9994721672,1702813997.0979,"AS141137 PT Media Cepat Indonesia",MEDIACEPAT-AS-ID,Tegal,Asia,AS,Indonesia,ID,,false,"Rapid Network",-6.8711,109.1385,false,,true,"Central Java",success,Asia/Jakarta,,1705622964,1706029595.5189,8382,http,103.158.253.29:8382,false,3786.2796783447,2759,25574,9.7377616207249,103.158.253.29
true,1706029406.7467,transparent,5543.1220368456,1704619761.5596,"AS131706 PT SELARAS CITRA TERABIT",TERABIT-AS-ID,Magelang,Asia,AS,Indonesia,ID,,false,"PT SELARAS CITRA TERABIT",-7.45055,110.225,false,Terabit,true,"Central Java",success,Asia/Jakarta,,1705623031,1706029592.9766,1111,http,121.101.131.67:1111,false,12777.671098709,1448,12416,10.444316214657,121.101.131.67
true,1706029592.2495,transparent,5231.8096463558,1705157323.2492,"AS131111 PT Mora Telematika Indonesia",CEPATNET-AS-ID,Jakarta,Asia,AS,Indonesia,ID,,false,MORATELINDO,-6.21462,106.845,false,Moratelindo,false,Jakarta,success,Asia/Jakarta,,1705764472,1706029592.2495,8080,http,103.78.96.18:8080,false,8892.5313949585,898,8195,9.875728582426,103.78.96.18
true,1706029592.1608,elite,3386.1041990209,1634744958.2327,"AS17451 BIZNET NETWORKS",BIZNET-AS-AP,Karawang,Asia,AS,Indonesia,ID,,false,"Biznet Networks",-6.3088,107.316,false,"Gilang Agung Persada",true,"West Java",success,Asia/Jakarta,,1705623021,1706029592.1608,5678,socks4,112.78.138.163:5678,true,1204.3554782867,96090,356278,21.241555547696,112.78.138.163
true,1706029590.1138,transparent,5888.3557219282,1689300825.8191,"AS135477 PT. Java Digital Nusantara",JAVADIGITAL-AS-ID,Cibinong,Asia,AS,Indonesia,ID,,false,"PT. Java Digital Nusantara",-6.47483,106.845,false,Javadigital,true,"West Java",success,Asia/Jakarta,,1705959042,1706029590.1138,8080,http,103.76.148.198:8080,false,5679.5642375946,11809,112012,9.5371544406845,103.76.148.198
true,1706029589.8886,transparent,3830.4718136787,1706024605.0309,"AS17451 BIZNET NETWORKS",BIZNET-AS-AP,Jakarta,Asia,AS,Indonesia,ID,,false,BIZNET,-6.2114,106.8446,false,,true,Jakarta,success,Asia/Jakarta,,1706027604,1706029589.8886,8080,http,182.253.235.44:8080,false,5010.4429721832,4,21,16,182.253.235.44
true,1706029589.2763,transparent,5081.4418670459,1705950865.286,"AS7713 PT Telekomunikasi Indonesia",telkomnet-as-ap,"Jakarta Pusat",Asia,AS,Indonesia,ID,,false,"PT. Telekomunikasi Indonesia",-6.18104,106.826,false,,true,Jakarta,success,Asia/Jakarta,,1705952122,1706029589.2763,8080,http,36.64.184.2:8080,false,6821.1536407471,78,575,11.944869831547,36.64.184.2
true,1706029589.1914,transparent,5435.2091952619,1705337717.701,"AS149878 PT Callysta Total Solusindo",IDNIC-CTSOLUSINDO-AS-ID,Wonosobo,Asia,AS,Indonesia,ID,,false,"PT Callysta Total Solusindo",-7.3587,109.9027,false,"PT Callysta Total Solusindo",true,"Central Java",success,Asia/Jakarta,,1705972844,1706029589.1914,8080,http,103.189.116.107:8080,false,8824.3205547333,718,5888,10.868907054193,103.189.116.107
true,1706029588.8247,elite,6464.2941068437,1705413915.8073,"AS58392 PT. Sewiwi Indonesia",SWIN-AS-ID,Pontianak,Asia,AS,Indonesia,ID,,false,"PT. Sewiwi Indonesia",-0.031,109.3257,false,SWW,true,"West Kalimantan",success,Asia/Pontianak,,1706018770,1706029588.8247,45429,socks5,103.11.134.46:45429,true,5348.1612205505,1249,6583,15.947395301328,103.11.134.46
true,1706029585.4651,transparent,5688.4879248986,1678093028.5875,"AS7713 PT Telekomunikasi Indonesia",telkomnet-as-ap,Bandung,Asia,AS,Indonesia,ID,,false,"PT. Telekomunikasi Indonesia",-6.9217,107.6071,false,"Telekomunikasi Indonesia",true,"West Java",success,Asia/Jakarta,,1705623136,1706029585.4651,8080,http,36.88.170.170:8080,false,9186.5003108978,25055,194915,11.390189571305,36.88.170.170
true,1706029583.5902,elite,3320.4385820552,1627284061.3891,"AS138089 PT.Global Media Data Prima",GMDP-AS-ID,Bekasi,Asia,AS,Indonesia,ID,,false,"Global Media Data Prima",-6.2352,106.9922,false,,true,"West Java",success,Asia/Jakarta,,1705623149,1706029583.5902,1080,socks4,103.124.137.251:1080,true,946.18368148804,61108,300385,16.904338396594,103.124.137.251
true,1706029583.4241,transparent,4313.0666877403,1705948271.0624,"AS140457 PT Ikhlas Cipta Teknologi",IMEDIANET-AS-ID,Jakarta,Asia,AS,Indonesia,ID,,false,IMEDIANET,-6.24693,106.816,false,,true,Jakarta,success,Asia/Jakarta,,1705952302,1706029583.4241,8090,http,103.153.62.191:8090,false,7418.2281494141,122,572,17.579250720461,103.153.62.191
true,1706029439.2337,transparent,5708.6031999334,1670671832.5268,"AS7713 PT Telekomunikasi Indonesia",telkomnet-as-ap,Jakarta,Asia,AS,Indonesia,ID,,false,"PT. TELKOM INDONESIA",-6.2114,106.8446,false,,true,Jakarta,success,Asia/Jakarta,,1705622797,1706029583.1123,8080,http,222.124.202.144:8080,false,10716.759204865,35321,222725,13.687869604644,222.124.202.144
true,1706029579.4185,transparent,5772.6838370512,1691773713.1899,"AS17451 BIZNET NETWORKS",BIZNET-AS-AP,Jakarta,Asia,AS,Indonesia,ID,,false,"Biznet Networks",-6.20876,106.846,false,"BP Blud Margono Soekarjo",true,Jakarta,success,Asia/Jakarta,,1705458774,1706029579.4185,7777,http,112.78.134.134:7777,false,1775.4945755005,1486,13123,10.171811896776,112.78.134.134
true,1706029579.0626,elite,6681.4378954025,1700483267.6019,"AS23700 Linknet-Fastnet ASN",Fastnet-AS-ID,Jakarta,Asia,AS,Indonesia,ID,,false,"Linknet-Fastnet ASN",-6.2114,106.8446,false,FastNet,true,Jakarta,success,Asia/Jakarta,,1705622960,1706029579.0626,35010,socks4,61.247.22.10:35010,true,3726.6299724579,4403,28279,13.472247720458,61.247.22.10
true,1706029432.9728,transparent,6280.6252169222,1676650102.3416,"AS7713 PT Telekomunikasi Indonesia",telkomnet-as-ap,Jakarta,Asia,AS,Indonesia,ID,,false,"PT. TELKOM INDONESIA",-6.2114,106.8446,false,,true,Jakarta,success,Asia/Jakarta,,1705622879,1706029577.4771,8080,http,222.124.193.114:8080,false,2855.0772666931,12930,217995,5.5992205261449,222.124.193.114
true,1706029575.4776,transparent,5667.784125393,1704855011.6265,"AS138130 PT PHATRIA INTI PERSADA",PHATRIASULUNG-AS-ID,Cikarang,Asia,AS,Indonesia,ID,,false,"PT PHATRIA INTI PERSADA",-6.38545,107.108,false,,true,"West Java",success,Asia/Jakarta,,1705622920,1706029575.4776,8085,http,103.133.27.86:8085,false,9634.32097435,1337,10534,11.262741133856,103.133.27.86
true,1706029574.5123,transparent,5016.688746524,1705874885.5871,"AS4761 INDOSAT Internet Network Provider",INDOSAT-INP-AP,Gambir,Asia,AS,Indonesia,ID,,false,"PT. INDOSAT Tbk",-6.1767,106.8254,false,"IOH B2B",true,Jakarta,success,Asia/Jakarta,,1705877488,1706029574.5123,8080,http,114.8.131.178:8080,false,3438.0087852478,173,1205,12.55442670537,114.8.131.178
true,1706029573.2859,transparent,4996.067924933,1705951795.2685,"AS140464 PT Widara Media Informasi",WMINET-AS-ID,Tangerang,Asia,AS,Indonesia,ID,,false,WMINET,-6.177,106.6284,false,,false,Banten,success,Asia/Jakarta,,1705958415,1706029573.2859,8083,http,103.153.135.252:8083,true,4077.6240825653,44,576,7.0967741935484,103.153.135.252
true,1706029572.9168,transparent,5567.9596024337,1703045246.4216,"AS4787 PT Cyberindo Aditama",ASN-CBN,Jakarta,Asia,AS,Indonesia,ID,,false,"PT Cyberindo Aditama",-6.22639,106.832,false,CBN,true,Jakarta,success,Asia/Jakarta,,1705622858,1706029572.9168,1987,http,116.206.234.131:1987,false,10162.329435349,3409,23194,12.814344246889,116.206.234.131
true,1706029476.2246,transparent,5915.0411739494,1705951030.119,"AS58369 PT. Fiber Networks Indonesia",FIBERNET-AS-ID,Bandung,Asia,AS,Indonesia,ID,,false,"PT. Fiber Networks Indonesia",-6.9217,107.6071,false,"PT Pelayaran Caraka Tirta Perkasa",false,"West Java",success,Asia/Jakarta,,1705952142,1706029571.3619,8080,http,103.168.169.245:8080,false,9915.6627655029,132,560,19.075144508671,103.168.169.245
true,1706029569.7559,transparent,5523.4638251807,1686768731.4591,"AS138123 PT. ADEAKSA INDO JAYATAMA",DEXA-AS-ID,Banjarnegara,Asia,AS,Indonesia,ID,,false,"PT. ADEAKSA INDO JAYATAMA",-7.3925,109.6823,false,Dexa,true,"Central Java",success,Asia/Jakarta,,1705958943,1706029569.7559,8182,http,103.132.54.41:8182,false,8970.9208011627,5743,38522,12.974133062239,103.132.54.41
true,1706029569.1771,transparent,5584.9489744092,1703634143.265,"AS7713 PT Telekomunikasi Indonesia",telkomnet-as-ap,"Jakarta Pusat",Asia,AS,Indonesia,ID,,false,"PT. Telekomunikasi Indonesia",-6.18104,106.826,false,,true,Jakarta,success,Asia/Jakarta,,1705622853,1706029569.1771,3127,http,36.64.132.91:3127,false,1806.1020374298,2392,19752,10.802023121387,36.64.132.91
true,1706029569.1318,transparent,5710.8839169252,1703045390.9298,"AS139982 PT Buana Visualnet Sentra",BVSNET-AS-ID,"Jambi City",Asia,AS,Indonesia,ID,,false,BVSNET,-1.5985,103.6196,false,,true,Jambi,success,Asia/Jakarta,,1705622969,1706029569.1318,8882,http,103.148.44.221:8882,false,11192.405462265,1112,25262,4.2162736027906,103.148.44.221
true,1706029568.9132,transparent,5813.2272155113,1685784101.5081,"AS4800 PT Aplikanusa Lintasarta",LINTASARTA-AS-AP,Jakarta,Asia,AS,Indonesia,ID,,false,LINTASARTA,-6.18559,106.823,false,,true,Jakarta,success,Asia/Jakarta,,1705623087,1706029568.9132,8080,http,103.168.123.2:8080,false,3798.5208034515,17433,156255,10.036962829902,103.168.123.2
true,1706029568.0004,elite,6217.6320668003,1676724974.7372,"AS9341 PT Indonesia Comnets Plus",ICONPLN-ID-AP-ISP,Depok,Asia,AS,Indonesia,ID,,false,"PT Indonesia Comnets Plus",-6.34212,106.787,false,,true,"West Java",success,Asia/Jakarta,,1705622833,1706029568.0004,3128,http,103.141.180.254:3128,false,9975.9795665741,14429,215828,6.2664761549052,103.141.180.254
true,1706029567.6105,transparent,5520.5412069146,1704036350.9163,"AS4761 INDOSAT Internet Network Provider",INDOSAT-INP-AP,"Jakarta Pusat",Asia,AS,Indonesia,ID,,false,"PT. INDOSAT Tbk",-6.18014,106.821,false,"IOH B2B",true,Jakarta,success,Asia/Jakarta,,1705958702,1706029567.6105,3127,http,114.9.24.174:3127,false,8589.3039703369,980,10379,8.6275200281715,114.9.24.174
true,1706029387.6449,transparent,5104.0607433693,1705950759.749,"AS141607 PT Gayatri Lintas Nusantara",IDNIC-GAYATRI-AS-ID,Surabaya,Asia,AS,Indonesia,ID,,false,RADNET-BDG,-7.2484,112.7419,false,,false,"East Java",success,Asia/Jakarta,,1705952703,1706029567.5248,1111,http,202.154.36.83:1111,false,12385.511875153,102,588,14.782608695652,202.154.36.83
true,1706029510.9865,elite,3619.500425595,1649120732.4543,"AS131111 PT Mora Telematika Indonesia",CEPATNET-AS-ID,Bekasi,Asia,AS,Indonesia,ID,,false,"PT Mora Telematika Indonesia",-6.2352,106.9922,false,Cepatnet,true,"West Java",success,Asia/Jakarta,,1705623354,1706029565.0522,5678,socks4,103.123.249.15:5678,true,830.05785942078,19633,335581,5.5270907115147,103.123.249.15
true,1706029560.4804,transparent,5452.2655669669,1700015948.6068,"AS38511 PT Remala Abadi",TACHYON-AS-ID,Bekasi,Asia,AS,Indonesia,ID,,false,"PT Remala Abadi",-6.2352,106.9922,false,,true,"West Java",success,Asia/Jakarta,,1705622883,1706029560.4804,8085,http,101.255.148.174:8085,false,3327.90350914,5199,47022,9.9557649221578,101.255.148.174
true,1706029559.4047,transparent,5946.6822318214,1696683090.1309,"AS58821 PT Lintas Jaringan Nusantara",IDNIC-LJN-AS-ID,Bekasi,Asia,AS,Indonesia,ID,,false,"PT Lintas Jaringan Nusantara",-6.2352,106.9922,false,"PT Lintas Jaringan Nusantara",true,"West Java",success,Asia/Jakarta,,1705622809,1706029559.4047,8080,http,103.242.104.101:8080,true,11913.289070129,7801,73855,9.5534927010875,103.242.104.101
true,1706029557.5824,transparent,5644.4186939383,1689183619.0086,"AS150936 PT RECONET SEMESTA INDONESIA",IDNIC-RECONET-ID,Grobogan,Asia,AS,Indonesia,ID,,false,"PT RECONET SEMESTA INDONESIA",-7.11807,110.974,false,"PT RECONET SEMESTA INDONESIA",true,"Central Java",success,Asia/Jakarta,,1705623091,1706029557.5824,8081,http,103.110.34.43:8081,false,2483.1507205963,12720,132010,8.7887791059214,103.110.34.43
true,1706029557.2831,transparent,5179.4006948134,1702816293.1723,"AS131111 PT Mora Telematika Indonesia",CEPATNET-AS-ID,"Jakarta Pusat",Asia,AS,Indonesia,ID,,false,MORATELINDONAP,-6.20309,106.845,false,,true,Jakarta,success,Asia/Jakarta,,1705622963,1706029557.2831,17378,http,103.154.118.154:17378,true,1695.0085163116,3201,25342,11.214658585292,103.154.118.154
true,1706029556.7308,elite,3987.1946229091,1702208248.9343,"AS7713 PT Telekomunikasi Indonesia",telkomnet-as-ap,"Jakarta Pusat",Asia,AS,Indonesia,ID,,false,"PT. Telekomunikasi Indonesia",-6.18104,106.826,false,,true,Jakarta,success,Asia/Jakarta,,1705623198,1706029556.7308,8199,socks5,36.64.132.91:8199,true,4167.2451496124,1718,23543,6.8009975852104,36.64.132.91
true,1706029548.3865,elite,6499.1703806953,1705155956.2109,"AS58392 PT. Sewiwi Indonesia",SWIN-AS-ID,Pontianak,Asia,AS,Indonesia,ID,,false,"PT. Sewiwi Indonesia",-0.031,109.3257,false,SWW,true,"West Kalimantan",success,Asia/Pontianak,,1705760792,1706029548.3865,56171,socks5,103.11.134.46:56171,true,8250.8964538574,1760,8303,17.489814170724,103.11.134.46
true,1706029547.1251,transparent,7232.4081274505,1704879456.1036,"AS135477 PT. Java Digital Nusantara",JAVADIGITAL-AS-ID,Cibinong,Asia,AS,Indonesia,ID,,false,"PT. Java Digital Nusantara",-6.47483,106.845,false,Javadigital,true,"West Java",success,Asia/Jakarta,,1705622801,1706029547.1251,8181,http,103.76.149.102:8181,false,8277.8606414795,1013,10576,8.7410475450859,103.76.149.102
true,1706029546.4532,elite,7517.5086434332,1705155202.9975,"AS58392 PT. Sewiwi Indonesia",SWIN-AS-ID,Pontianak,Asia,AS,Indonesia,ID,,false,"PT. Sewiwi Indonesia",-0.031,109.3257,false,SWW,true,"West Kalimantan",success,Asia/Pontianak,,1705760609,1706029546.4532,64263,socks4,103.11.134.46:64263,true,7724.4167327881,1544,7983,16.206570798782,103.11.134.46
true,1706029225.0791,transparent,4005.2870962355,1705951540.2836,"AS131111 PT Mora Telematika Indonesia",CEPATNET-AS-ID,Cileungsir,Asia,AS,Indonesia,ID,,false,CEPATNET,-6.39472,106.959,false,,false,"West Java",success,Asia/Jakarta,,1705954224,1706029546.3911,8080,http,103.154.88.82:8080,false,733.35695266724,90,589,13.254786450663,103.154.88.82
true,1706029543.6976,anonymous,5888.5633873975,1705155356.6789,"AS141675 PT Madina Solusi Indonesia",IDNIC-MSI-AS-ID,Magelang,Asia,AS,Indonesia,ID,,false,"PT Madina Solusi Indonesia",-7.47056,110.218,false,"PT Madina Solusi Indonesia",false,"Central Java",success,Asia/Jakarta,,1705762280,1706029543.6976,8080,http,103.158.27.88:8080,false,2089.8561477661,667,8511,7.2673785138374,103.158.27.88
true,1706029539.1234,transparent,5880.8464363302,1690978183.5098,"AS136874 PT. Garuda Media Telematika",GARUDA-AS-ID,Malang,Asia,AS,Indonesia,ID,,false,GARUDA,-7.9797,112.63,false,,true,"East Java",success,Asia/Jakarta,,1706009338,1706029539.1234,8080,http,103.105.76.49:8080,false,4886.2490653992,3874,33517,10.360782006365,103.105.76.49
true,1706029391.1291,transparent,5764.6891964319,1704594679.6238,"AS59282 PT Giga Patra Multimedia",GPM-AS-ID,Ponorogo,Asia,AS,Indonesia,ID,,false,"PT Giga Patra Multimedia",-7.8711,111.4622,false,GPM,true,"East Java",success,Asia/Jakarta,,1705622865,1706029538.4255,6060,http,103.228.246.130:6060,false,3380.7237148285,1523,12747,10.672740014015,103.228.246.130
true,1706029538.3533,transparent,5426.9069808346,1692522230.5977,"AS138881 PT INDONESIA TRANS NETWORK",TRANSNET-AS-ID,"Bandar Lampung",Asia,AS,Indonesia,ID,,false,"PT INDONESIA TRANS NETWORK",-5.4291,105.2615,false,"CV Gisting Trans Network",true,Lampung,success,Asia/Jakarta,,1705999197,1706029538.3533,8080,http,103.59.44.42:8080,false,5553.346157074,858,7953,9.7378277153558,103.59.44.42
true,1706029537.4454,elite,3616.0802221676,1668790153.4092,"AS17995 PT iForte Global Internet",SOLUSINET-AS-ID,"Jakarta Pusat",Asia,AS,Indonesia,ID,,false,"PT iForte Global Internet",-6.1967,106.822,false,,true,Jakarta,success,Asia/Jakarta,,1705622829,1706029537.4454,1080,socks4,202.51.124.166:1080,true,1887.9597187042,19839,168828,10.515352446374,202.51.124.166
true,1706029536.9338,transparent,5396.435831289,1702541394.101,"AS141983 PT Rajeg Media Telekomunikasi",IDNIC-RAJEGNET-AS-ID,Serang,Asia,AS,Indonesia,ID,,false,"PT Rajeg Media Telekomunikasi",-6.1143,106.1503,false,"PT Rajeg Media Telekomunikasi",true,Banten,success,Asia/Jakarta,,1706013293,1706029536.9338,8080,http,103.167.171.235:8080,false,2506.160736084,1158,8046,12.5814863103,103.167.171.235
true,1706028163.208,elite,345.29868425497,1704211449.6315,"AS56246 PT Sumber Data Indonesia",SDI-AS-ID,Jakarta,Asia,AS,Indonesia,ID,,false,"PT Sumber Data Indonesia",-6.2114,106.8446,false,,true,Jakarta,success,Asia/Jakarta,,1705622860,1706029535.4843,80,http,103.10.120.165:80,false,346.10056877136,15111,2522,85.697272160154,103.10.120.165
true,1706029535.3343,elite,6667.4947294117,1705304891.6263,"AS58392 PT. Sewiwi Indonesia",SWIN-AS-ID,Pontianak,Asia,AS,Indonesia,ID,,false,"PT. Sewiwi Indonesia",-0.031,109.3257,false,SWW,true,"West Kalimantan",success,Asia/Pontianak,,1705912600,1706029535.3343,4555,socks4,103.11.134.46:4555,true,10062.93463707,1905,6741,22.033310201249,103.11.134.46
true,1706029525.5897,transparent,5507.1623864034,1700587312.0387,"AS38750 Telemedia Dinamika Sarana, PT",TDS-AS-ID,Bengkulu,Asia,AS,Indonesia,ID,,false,"Telemedia Dinamika Sarana, PT",-3.8074,102.2569,false,"TDS Infra Jambi",true,Bengkulu,success,Asia/Jakarta,,1705684873,1706029535.2823,8080,http,103.213.116.2:8080,false,1508.7189674377,1434,10677,11.840475600694,103.213.116.2
true,1706029529.8743,transparent,6018.3554203849,1599069740.9933,"AS131111 PT Mora Telematika Indonesia",CEPATNET-AS-ID,Jakarta,Asia,AS,Indonesia,ID,,false,"PT Mora Telematika Indonesia",-6.21462,106.845,false,"PT Tunas Sukses Mandiri",true,Jakarta,success,Asia/Jakarta,,1705622899,1706029529.8743,8080,http,103.36.35.135:8080,false,11188.02857399,267825,891567,23.100469901466,103.36.35.135
true,1706029529.7,transparent,5723.192514971,1663880625.5634,"AS133817 PT Inti Data Telematika",INTIDATA-AS-ID,Surabaya,Asia,AS,Indonesia,ID,,false,INTI,-7.2484,112.7419,false,,true,"East Java",success,Asia/Jakarta,,1705958865,1706029529.7,8080,http,103.53.78.26:8080,false,3811.4447593689,9354,72962,11.363525924486,103.53.78.26
true,1706029529.6944,elite,3620.6302444022,1626071413.2334,"AS4800 PT Aplikanusa Lintasarta",LINTASARTA-AS-AP,Jakarta,Asia,AS,Indonesia,ID,,false,"PT Aplikanusa Lintasarta",-6.18559,106.823,false,,true,Jakarta,success,Asia/Jakarta,,1705623288,1706029529.6944,4153,socks4,182.23.108.162:4153,true,3969.0222740173,35463,463485,7.1075542942351,182.23.108.162
true,1706029376.9161,elite,6688.6415772219,1705311905.3594,"AS58392 PT. Sewiwi Indonesia",SWIN-AS-ID,Pontianak,Asia,AS,Indonesia,ID,,false,"PT. Sewiwi Indonesia",-0.031,109.3257,false,SWW,true,"West Kalimantan",success,Asia/Pontianak,,1705916833,1706029527.9822,58087,socks4,103.11.134.46:58087,true,7635.8151435852,1698,6954,19.625520110957,103.11.134.46
true,1706029241.8244,transparent,4860.847755871,1705788051.5594,"AS63501 PT Mega Mentari Mandiri",MENTARI-AS-ID,"Kuningan Barat",Asia,AS,Indonesia,ID,,false,"PT. Mega Mentari Mandiri",-6.2374,106.8181,false,,false,Jakarta,success,Asia/Jakarta,,1705788904,1706029526.6771,8080,http,103.39.51.21:8080,false,3359.349489212,339,1786,15.952941176471,103.39.51.21
true,1706029525.6362,transparent,6989.4463600621,1681054848.726,"AS38511 PT Remala Abadi",TACHYON-AS-ID,Tangerang,Asia,AS,Indonesia,ID,,false,"PT Remala Abadi",-6.177,106.6284,false,,true,Banten,success,Asia/Jakarta,,1705959270,1706029525.6362,8080,http,202.182.55.50:8080,true,5171.2653636932,4157,80738,4.8966370222039,202.182.55.50
true,1706029525.5562,elite,5307.7957180421,1702973303.0349,"AS38511 PT Remala Abadi",TACHYON-AS-ID,Bekasi,Asia,AS,Indonesia,ID,,false,"PT Remala Abadi",-6.2352,106.9922,false,,true,"West Java",success,Asia/Jakarta,,1705622756,1706029525.5562,33333,http,101.255.116.163:33333,false,10262.921571732,2041,24993,7.5497521639417,101.255.116.163
true,1706029525.3554,elite,3106.0701793442,1704555601.2398,"AS149925 PT Sakti Wijaya Network",IDNIC-SWNETWORK-AS-ID,Subang,Asia,AS,Indonesia,ID,,false,PMYNET,-7.131,108.5267,false,,true,"West Java",success,Asia/Jakarta,,1705622856,1706029525.3554,5678,socks4,103.115.20.35:5678,true,8105.7679653168,1787,10358,14.713874022231,103.115.20.35
true,1706029524.6834,transparent,6106.651579296,1702538584.2743,"AS24534 PT. Transhybrid Communication",TRANSHYBRID-AS-ID,"Kuningan Barat",Asia,AS,Indonesia,ID,,false,"PT. Transhybrid Communication",-6.23846,106.824,false,,true,Jakarta,success,Asia/Jakarta,,1705622903,1706029524.6834,3125,http,58.147.186.13:3125,false,3288.8095378876,2918,27611,9.558125061417,58.147.186.13
true,1706029518.8662,transparent,5897.1863256877,1699374783.5462,"AS7713 PT Telekomunikasi Indonesia",telkomnet-as-ap,"Jakarta Pusat",Asia,AS,Indonesia,ID,,false,"PT. Telekomunikasi Indonesia",-6.18104,106.826,false,"Telekomunikasi Indonesia",true,Jakarta,success,Asia/Jakarta,,1705508800,1706029518.8662,8080,http,36.91.148.38:8080,false,10036.291360855,627,4764,11.630495269894,36.91.148.38
true,1706029518.3645,elite,3838.5812183348,1702990385.9281,"AS17451 BIZNET NETWORKS",BIZNET-AS-AP,"Central Java",Asia,AS,Indonesia,ID,,false,BIZNET,-7.4975,109.9999,false,,true,"Central Java",success,Asia/Jakarta,,1705623457,1706029518.3645,5678,socks4,112.78.170.252:5678,true,3948.77409935,1413,18046,7.2614214502287,112.78.170.252
true,1706029516.8223,transparent,5749.2138423267,1681563777.3249,"AS141077 RSTNET",RSTNET-AS-ID,Indramayu,Asia,AS,Indonesia,ID,,false,RSTNET,-6.3277,108.3215,false,Rstnet,true,"West Java",success,Asia/Jakarta,,1705959336,1706029516.8223,8181,http,103.156.17.39:8181,false,3933.7301254272,18912,131267,12.592972386286,103.156.17.39
true,1706029516.4756,transparent,6221.30037154,1660519060.2156,"AS7713 PT Telekomunikasi Indonesia",telkomnet-as-ap,Bandung,Asia,AS,Indonesia,ID,,false,"PT. Telekomunikasi Indonesia",-6.9217,107.6071,false,"Telekomunikasi Indonesia",true,"West Java",success,Asia/Jakarta,,1705622999,1706029516.4756,8080,http,36.95.177.177:8080,false,12923.16031456,41488,376325,9.929801131128,36.95.177.177
true,1706029504.4751,transparent,4464.3309275742,1703046474.5187,"AS7713 PT Telekomunikasi Indonesia",telkomnet-as-ap,"Jakarta Pusat",Asia,AS,Indonesia,ID,,false,"Telekomunikasi Indonesia",-6.18104,106.826,false,"HSI Indihome",true,Jakarta,success,Asia/Jakarta,,1705622847,1706029515.9972,66,http,36.93.130.219:66,false,794.7301864624,2573,24091,9.6497149714972,36.93.130.219
true,1706029433.2655,transparent,5694.3966208267,1679635830.4839,"AS45722 Widya Intersat Nusantara, PT",INTERSATNET-AS-ID,Surakarta,Asia,AS,Indonesia,ID,,false,"PT Widya Intersat Nusantara",-7.5533,110.831,false,,true,"Central Java",success,Asia/Jakarta,,1706001670,1706029515.1336,8080,http,180.178.95.142:8080,false,7846.0404872894,3825,19442,16.439592555981,180.178.95.142
true,1706029514.6374,transparent,5778.1811278282,1681483123.3442,"AS46023 PT Quantum Tera Network",QUANTUMNET-AS-ID,Tangerang,Asia,AS,Indonesia,ID,,false,"PT Quantum Tera Network",-6.177,106.6284,false,"PT Farmco Kimia",true,Banten,success,Asia/Jakarta,,1705681244,1706029514.6374,8989,http,103.75.52.193:8989,false,9821.6180801392,2004,18970,9.55468675503,103.75.52.193
true,1706029456.412,anonymous,5890.3371492135,1703044838.817,"AS137331 PT Cloud Teknologi Nusantara",IDNIC-CLOUDTEKNOLOGI-AS-ID,Jakarta,Asia,AS,Indonesia,ID,,false,"PT Cloud Teknologi Nusantara",-6.2114,106.8446,false,"PT Cloud Teknologi Nusantara",true,Jakarta,success,Asia/Jakarta,,1705622959,1706029505.0076,2525,http,103.133.223.211:2525,false,5628.0951499939,1792,24749,6.7518179420519,103.133.223.211
true,1706029504.825,transparent,5887.0941208266,1687989683.4927,"AS38758 PT. HIPERNET INDODATA",HYPERNET-AS-ID,Bandung,Asia,AS,Indonesia,ID,,false,"PT. HIPERNET INDODATA",-6.9217,107.6071,false,"Hipernet Indodata PT",true,"West Java",success,Asia/Jakarta,,1705622949,1706029504.825,8009,http,202.180.21.203:8009,false,732.38062858582,13617,141580,8.7740098068906,202.180.21.203
true,1706029494.4739,transparent,5746.8919651778,1698703206.8081,"AS141941 PT Regynet Data Solusindo",IDNIC-REGYNET-AS-ID,Bekasi,Asia,AS,Indonesia,ID,,false,"PT Regynet Data Solusindo",-6.2352,106.9922,false,"PT Regynet Data Solusindo",true,"West Java",success,Asia/Jakarta,,1705958917,1706029494.4739,8080,http,103.166.90.150:8080,false,6523.7176418304,957,10441,8.3962098613792,103.166.90.150
true,1706029491.5325,transparent,5592.3125663781,1673337382.2419,"AS131111 PT Mora Telematika Indonesia",CEPATNET-AS-ID,Bulanbulan,Asia,AS,Indonesia,ID,,false,MORATELINDONAP,-6.8424,107.4168,false,,true,"West Java",success,Asia/Jakarta,,1705996326,1706029491.5325,3128,http,103.154.90.190:3128,false,5142.876625061,7533,73712,9.2719551972429,103.154.90.190
true,1706029488.5014,transparent,5390.651985363,1703620583.704,"AS136879 PT. Media Jaringan Indonesia",JARINDO-AS-ID,Boyolali,Asia,AS,Indonesia,ID,,false,"PT. Media Jaringan Indonesia",-7.5356,110.5961,false,,true,"Central Java",success,Asia/Jakarta,,1705622942,1706029488.5014,8080,http,103.107.84.184:8080,false,9094.0670967102,2609,19813,11.635893319062,103.107.84.184
true,1706029487.0438,transparent,5546.1996312763,1705612491.7417,"AS131111 PT Mora Telematika Indonesia",CEPATNET-AS-ID,Jakarta,Asia,AS,Indonesia,ID,,false,MORATELINDO,-6.21462,106.845,false,Moratelindo,false,Jakarta,success,Asia/Jakarta,,1705612506,1706029487.0438,8181,http,103.78.96.146:8181,false,2506.2811374664,1150,2759,29.41928882067,103.78.96.146
true,1706029486.0782,transparent,5593.5379804517,1704847809.3172,"AS64300 PT JARINGANKU SARANA NUSANTARA",JSN-AS-ID,Tekikbanyuurip,Asia,AS,Indonesia,ID,,false,JARINGANKU,-8.2219,111.951,false,,true,"East Java",success,Asia/Jakarta,,1705622881,1706029486.0782,8181,http,103.153.149.221:8181,false,3060.5688095093,1115,10786,9.3689605915469,103.153.149.221
true,1706029485.6271,anonymous,5122.7037466534,1699803722.6169,"AS140437 PT MEDIA MANAKARRA NET",MANAKARRANET-AS-ID,Bogor,Asia,AS,Indonesia,ID,,false,MANAKARRANET,-6.5945,106.789,false,,true,"West Java",success,Asia/Jakarta,,1706022149,1706029485.6271,8088,http,103.151.247.138:8088,true,2957.7565193176,818,7085,10.350499810199,103.151.247.138
true,1706029475.5015,transparent,5771.3613241563,1686943944.6555,"AS141921 PT Jaringan Keluarga Bersama",IDNIC-ISEVEN-AS-ID,Tangerang,Asia,AS,Indonesia,ID,,false,"PT Jaringan Keluarga Bersama",-6.177,106.6284,false,"PT Jaringan Keluarga Bersama",true,Banten,success,Asia/Jakarta,,1705622907,1706029475.5015,1111,http,103.165.155.226:1111,false,2577.2206783295,17879,145911,10.915806825814,103.165.155.226
true,1706029470.6196,transparent,5120.4261002392,1675866456.4591,"AS141982 PT Kataji Nukami Indonesia",IDNIC-SAYAGINET-AS-ID,Bandung,Asia,AS,Indonesia,ID,,false,"PT Kataji Nukami Indonesia",-6.9217,107.6071,false,"PT Kataji Nukami Indonesia",true,"West Java",success,Asia/Jakarta,,1705958603,1706029470.6196,8080,http,103.167.69.242:8080,false,5571.230173111,2659,13948,16.011320527488,103.167.69.242
true,1706029465.5173,transparent,5456.5654182434,1695292992.7406,"AS141607 PT Gayatri Lintas Nusantara",IDNIC-GAYATRI-AS-ID,Surabaya,Asia,AS,Indonesia,ID,,false,"PT Gayatri Lintas Nusantara",-7.2484,112.7419,false,,true,"East Java",success,Asia/Jakarta,,1705573813,1706029465.5173,8080,http,202.154.36.57:8080,false,11769.464015961,550,4933,10.031004924312,202.154.36.57
true,1706029443.1551,transparent,5056.5176691076,1679542494.5907,"AS58369 PT. Fiber Networks Indonesia",FIBERNET-AS-ID,Jakarta,Asia,AS,Indonesia,ID,,false,"PT. Fiber Networks Indonesia",-6.2114,106.8446,false,FIBERNET,true,Jakarta,success,Asia/Jakarta,,1705979592,1706029464.5479,8080,http,116.197.135.78:8080,false,9131.3538551331,1355,9132,12.920759034996,116.197.135.78
true,1706029459.1465,elite,3732.5142743164,1674595764.1293,"AS138886 PT Data Buana Nusantara",DBN-AS-ID,Blitar,Asia,AS,Indonesia,ID,,false,"Data Buana Nusantara",-8.0982,112.165,false,,true,"East Java",success,Asia/Jakarta,,1705611644,1706029459.1465,8080,http,103.141.109.237:8080,false,7928.8816452026,9179,58889,13.485044367397,103.141.109.237
true,1706029458.0105,anonymous,5966.6844032028,1705791102.9739,"AS139989 CV Atha Media Prima",IDNIC-ATHAMEDIANET-AS-ID,Jakarta,Asia,AS,Indonesia,ID,,false,"CV Atha Media Prima",-6.2114,106.8446,false,"Mozfactor Digest Indonesia",true,Jakarta,success,Asia/Jakarta,,1705791329,1706029458.0105,8080,http,193.111.124.123:8080,false,2940.7324790955,220,1943,10.171058714748,193.111.124.123
true,1706029438.3894,transparent,6844.5759950125,1705158056.3924,"AS150279 PT Lintas Network Solusi",IDNIC-LNS-AS-ID,"South Tangerang",Asia,AS,Indonesia,ID,,false,"PT Lintas Network Solusi",-6.263,106.687,false,"PT Lintas Network Solusi",false,Banten,success,Asia/Jakarta,,1705767467,1706029445.4186,8181,http,103.99.27.132:8181,false,5486.6018295288,737,8280,8.1734501497172,103.99.27.132
true,1706029445.2111,transparent,5584.1290098216,1699443244.8046,"AS17451 BIZNET NETWORKS",BIZNET-AS-AP,"Jakarta Pusat",Asia,AS,Indonesia,ID,,false,BIZNET,-6.20933,106.821,false,,true,Jakarta,success,Asia/Jakarta,,1705622854,1706029445.2111,8080,http,203.142.74.115:8080,false,5510.1664066315,6240,51123,10.878092149992,203.142.74.115
true,1706029274.3354,transparent,4832.4845359439,1705950953.0177,"AS149368 PT Bentang Johar Awal",IDNIC-SAWARGA-AS-ID,Sukabumi,Asia,AS,Indonesia,ID,,false,"PT Bentang Johar Awal",-6.9214,106.9259,false,"PT Bentang Johar Awal",true,"West Java",success,Asia/Jakarta,,1705950954,1706029445.0675,8181,http,103.180.198.130:8181,false,5899.6958732605,420,281,59.914407988588,103.180.198.130
true,1706029438.3035,transparent,4360.1736745002,1684974921.7027,"AS142370 PT Master Star Network",IDNIC-MSN-AS-ID,"Manggadua Selatan",Asia,AS,Indonesia,ID,,false,"PT Master Star Network",-6.2208,106.8403,false,"PT Master Star Network",true,Jakarta,success,Asia/Jakarta,,1705581637,1706029438.3035,8068,http,103.169.254.185:8068,false,9222.3784923553,997,6300,13.663149239413,103.169.254.185
true,1706029438.0563,transparent,4795.0856511186,1705951359.7003,"AS132637 PT BINA INFORMATIKA SOLUSI",BITSNET-AS-ID,Madiun,Asia,AS,Indonesia,ID,,false,BITSNET,-7.6302,111.5266,false,,false,"East Java",success,Asia/Jakarta,,1705953182,1706029438.0563,8082,http,103.19.59.158:8082,false,1811.6626739502,82,601,12.005856515373,103.19.59.158
true,1706029421.7916,transparent,5769.9720586648,1680698516.187,"AS138089 PT.Global Media Data Prima",GMDP-AS-ID,Bojonegoro,Asia,AS,Indonesia,ID,,false,"PT Global Media Data Prima",-7.1461,111.8815,false,,true,"East Java",success,Asia/Jakarta,,1705494350,1706029432.186,32650,http,103.166.29.119:32650,false,5726.1271476746,4919,29892,14.130590905174,103.166.29.119
true,1706029398.5805,transparent,5950.9524935787,1677842434.34,"AS142352 PT. PRATAMA HASTA UTAMA SOLUSINDO",IDNIC-TAHTA-ID,Pasuruan,Asia,AS,Indonesia,ID,,false,"CPCNet Hong Kong Ltd. - IP Administrator",-7.6459,112.9074,false,"CPCNet Hong Kong Ltd.",true,"East Java",success,Asia/Jakarta,,1705718178,1706029429.8072,3125,http,103.1.50.56:3125,true,4497.6563453674,11591,66875,14.772003160605,103.1.50.56
true,1706029428.8556,transparent,5192.1754317363,1704879369.5827,"AS58495 PT Parsaoran Global Datatrans",HSPNET-AS-ID,Jember,Asia,AS,Indonesia,ID,,false,HSPNET,-8.1716,113.7052,false,,true,"East Java",success,Asia/Jakarta,,1705622870,1706029428.8556,8181,http,103.115.31.39:8181,true,8735.7575893402,847,10630,7.3799773459963,103.115.31.39
true,1706029426.5634,transparent,5737.9696024877,1692094577.2255,"AS38511 PT Remala Abadi",TACHYON-AS-ID,Bekasi,Asia,AS,Indonesia,ID,,false,"PT Remala Abadi",-6.2352,106.9922,false,,false,"West Java",success,Asia/Jakarta,,1705484226,1706029426.5634,8080,http,101.255.166.2:8080,false,4050.7934093475,1198,10827,9.962577962578,101.255.166.2
true,1706029394.485,transparent,5443.8993314607,1700870607.8495,"AS38511 PT Remala Abadi",TACHYON-AS-ID,Cempaka-udik,Asia,AS,Indonesia,ID,,false,"PT Remala Abadi",-6.2643,106.8923,false,,true,"West Java",success,Asia/Jakarta,,1705622915,1706029394.485,8080,http,101.255.150.49:8080,false,8047.1293926239,3371,41216,7.5604996972212,101.255.150.49
true,1706029394.1696,transparent,5977.2235659096,1619900271.2152,"AS140454 PT Pop Net Indonesia",PNI-AS-ID,Bekasi,Asia,AS,Indonesia,ID,,false,"Persada Nayaka Infotama",-6.2472,106.979,false,,true,"West Java",success,Asia/Jakarta,,1705958908,1706029394.1696,8080,http,103.153.40.38:8080,false,1918.7877178192,59870,338042,15.046040330525,103.153.40.38
true,1706029377.8716,transparent,5798.6350541419,1705155438.3267,"AS149734 PEDEE",PEDEE-ID,Jakarta,Asia,AS,Indonesia,ID,,false,PEDEE,-6.16608,106.834,false,,false,Jakarta,success,Asia/Jakarta,,1705762253,1706029377.8716,8093,http,103.188.177.20:8093,false,6474.093914032,752,8496,8.1314878892734,103.188.177.20
true,1706029121.0049,transparent,5345.3781026044,1629074031.5074,"AS135463 PDE Setda Kabupaten Sukoharjo",IDNIC-SUKOHARJOKAB-AS-ID,Sukoharjo,Asia,AS,Indonesia,ID,,false,"Diskominfo Kabupaten Sukoharjo",-7.6727,110.8424,false,,true,"Central Java",success,Asia/Jakarta,,1705593965,1706029374.4452,8080,http,103.70.79.3:8080,true,1583.3954811096,83405,477189,14.87796872603,103.70.79.3
true,1706029370.5471,transparent,5674.4245006602,1701805946.9012,"AS150923 PT Sistem Interkoneksi Data",IDNIC-SIDNET-AS-ID,Kudus,Asia,AS,Indonesia,ID,,false,"PT Sistem Interkoneksi Data",-6.8048,110.8374,false,,true,"Central Java",success,Asia/Jakarta,,1705958990,1706029370.5471,8080,http,103.97.224.123:8080,false,5082.87525177,1763,21115,7.7060931899642,103.97.224.123
true,1706029368.7092,transparent,4049.6936065908,1698527142.6064,"AS149951 PT Dimensi Jaringan Bersinar",IDNIC-UPAZNET-AS-ID,Tulungagung,Asia,AS,Indonesia,ID,,false,"PT Dimensi Jaringan Bersinar",-8.0647,111.9006,false,"PT Dimensi Jaringan Bersinar",true,"East Java",success,Asia/Jakarta,,1705556722,1706029368.7092,1080,http,103.111.118.75:1080,true,2688.8313293457,5395,16234,24.94336307735,103.111.118.75
true,1706029265.2725,transparent,5538.8421605253,1661164201.6693,"AS136880 PT. Sumatra Multimedia Solusi",SMSNET-AS-ID,"Bandar Lampung",Asia,AS,Indonesia,ID,,false,SMSNET,-5.4291,105.2615,false,,true,Lampung,success,Asia/Jakarta,,1705958920,1706029363.1399,8080,http,103.106.115.90:8080,false,5866.9698238373,19925,173410,10.3059456384,103.106.115.90
true,1706029352.0496,transparent,5523.4067963722,1666299736.5099,"AS23949 PT Comtronics Systems",COMNET-AS-ID,Bandung,Asia,AS,Indonesia,ID,,false,"PT Comtronics Systems",-6.9217,107.6071,false,,true,"West Java",success,Asia/Jakarta,,1705611958,1706029359.3366,4995,http,202.150.151.138:4995,false,946.10667228699,27746,138354,16.704394942806,202.150.151.138
true,1706029334.8725,transparent,5755.3499557971,1689183552.3644,"AS131706 PT SELARAS CITRA TERABIT",TERABIT-AS-ID,Magelang,Asia,AS,Indonesia,ID,,false,"PT SELARAS CITRA TERABIT",-7.45055,110.225,false,Terabit,true,"Central Java",success,Asia/Jakarta,,1705519921,1706029354.1533,8080,http,121.101.131.142:8080,false,4530.8601856232,7783,65734,10.586667029395,121.101.131.142
true,1705925605.3777,anonymous,3343.0241626606,1639859611.9237,"AS9340 INDO Internet, PT",INDONET-AS-AP,Jakarta,Asia,AS,Indonesia,ID,,false,"PT IndoInternet",-6.2114,106.8446,false,,true,Jakarta,success,Asia/Jakarta,,1705354034,1705925605.3777,80,http,117.54.114.33:80,false,2708.8730335236,68151,211070,24.407548142869,117.54.114.33
true,1705881210.6717,anonymous,3284.5647655648,1637798579.9788,"AS9340 INDO Internet, PT",INDONET-AS-AP,Jakarta,Asia,AS,Indonesia,ID,,false,"PT IndoInternet",-6.2114,106.8446,false,,true,Jakarta,success,Asia/Jakarta,,1705868091,1705881210.6717,80,http,117.54.114.103:80,false,9402.3191928864,64659,179690,26.461741198041,117.54.114.103
true,1705783405.9337,anonymous,7684.5210211618,1701914019.513,"AS141645 PT Pratama Asia Globalindo",IDNIC-PAGLO-AS-ID,Majalengka,Asia,AS,Indonesia,ID,,false,"PT Pratama Asia Globalindo",-6.8352,108.2277,false,"PT Pratama Asia Globalindo",false,"West Java",success,Asia/Jakarta,,1705457312,1705783405.9337,8080,http,103.162.54.118:8080,false,2369.9848651886,35,3231,1.0716472749541,103.162.54.118
true,1705765939.4986,anonymous,3259.672620652,1637626672.1892,"AS9340 INDO Internet, PT",INDONET-AS-AP,Jakarta,Asia,AS,Indonesia,ID,,false,"PT IndoInternet",-6.2114,106.8446,false,,true,Jakarta,success,Asia/Jakarta,,1705452852,1705765939.4986,80,http,117.54.114.96:80,false,3027.1441936493,52798,162630,24.508420446739,117.54.114.96
true,1705737844.4598,anonymous,3356.3073659139,1640213638.9957,"AS9340 INDO Internet, PT",INDONET-AS-AP,Jakarta,Asia,AS,Indonesia,ID,,false,"PT IndoInternet",-6.22526,106.817,false,,true,Jakarta,success,Asia/Jakarta,,1705263260,1705737844.4598,80,http,117.54.114.102:80,false,7998.0256557465,66578,194333,25.517513634918,117.54.114.102
true,1705660960.2993,anonymous,3334.8926839355,1639406350.9473,"AS9340 INDO Internet, PT",INDONET-AS-AP,Jakarta,Asia,AS,Indonesia,ID,,false,"PT IndoInternet",-6.22526,106.817,false,,true,Jakarta,success,Asia/Jakarta,,1705263260,1705661183.1679,80,http,117.54.114.101:80,false,9047.2958087921,65444,199559,24.695569484119,117.54.114.101
true,1705655933.1271,transparent,6349.0272884507,1696765198.0579,"AS136121 PT Digital Media Telematika",DIGITNET-AS-ID,Jombang,Asia,AS,Indonesia,ID,,false,DIGITNET,-6.2928,106.681,false,,true,"West Java",success,Asia/Jakarta,,1705489067,1705655933.1271,8080,http,202.154.19.163:8080,false,2090.2342796326,1239,19423,5.996515342174,202.154.19.163
true,1705582808.066,anonymous,3304.5533393942,1639898543.9405,"AS9340 INDO Internet, PT",INDONET-AS-AP,Jakarta,Asia,AS,Indonesia,ID,,false,"PT IndoInternet",-6.2114,106.8446,false,,true,Jakarta,success,Asia/Jakarta,,1705354581,1705582808.066,80,http,117.54.114.98:80,false,3761.2266540527,68185,198364,25.580662467314,117.54.114.98
true,1705569409.2863,elite,5063.3695434533,1702814579.5219,"AS138109 PT. Rasi Bintang Perkasa",RASIBINTANG-AS-ID,Klaten,Asia,AS,Indonesia,ID,,false,BINTANGPERKASAORION,-7.7049,110.6019,false,,true,"Central Java",success,Asia/Jakarta,,1705353933,1705569409.2863,1136,http,103.126.87.120:1136,false,4014.9204730988,409,2921,12.282282282282,103.126.87.120
